benchmark,MAE,RMSE,DA
ZERO,0.019073226237947348,0.024537504729923987,0.34592445328031807
PERSISTENCE,0.026169609523394383,0.03455047319397033,0.5308151093439364
