Model,Type,MAE,RMSE,DA,MAE_Rank,RMSE_Rank,DA_Rank
LSTM,Model,0.01876131567773516,0.0242309555067195,0.6043737574552683,1,2,2
XGBoost,Model,0.018766800111217518,0.024214176787584835,0.6500994035785288,2,1,1
ARIMAX,Model,0.02058779521013459,0.026675562541449004,0.510934393638171,4,4,4
ZERO,Benchmark,0.0190732262379473,0.0245375047299239,0.345924453280318,3,3,5
PERSISTENCE,Benchmark,0.0261696095233943,0.0345504731939703,0.5308151093439364,5,5,3
